{
    "power_table": {
        "replacements": {
            "PNRL": 2500.0,
            "PALPHA": 2500.0,
            "PNEUTRON": 0.0,
            "MN": 1.1,
            "FPCPPF": 0.0,
            "FSUB": 0.0,
            "PTRIT": 6.3,
            "PHOUSE": 2.1,
            "PAUX": 8.4,
            "PCRYO": 3.6,
            "ETAPIN1": 0.1,
            "ETAPIN2": 0.1,
            "ETAP": 0.5,
            "ETATH": 0.5,
            "PIMPLOSION": 10.0,
            "PIGNITION": 0.1,
            "PTH": 2527.3,
            "PET": 1162.6,
            "PLOSS": 1364.8,
            "GAINE": 115.1,
            "PTARGET": 1.0,
            "PMACHINERY": 1.0,
            "PSUB": 11.6,
            "QS": 247.5,
            "QE": 8.5,
            "EPSILON": 0.1,
            "PNET": 1025.0,
            "PP": 11.6,
            "PIN": 10.1
        },
        "template_file": "powerTableIFEDT.tex",
        "tex_path": "Modified/powerTableIFEDT.tex",
        "figures": {},
        "p_alpha": 2500.0,
        "p_neutron": 0.0,
        "p_cool": null,
        "p_aux": 8.442857142857143,
        "p_coils": null,
        "p_th": 2527.35,
        "p_the": null,
        "p_dee": null,
        "p_et": 1162.581,
        "p_loss": 1364.769,
        "p_pump": 11.62581,
        "p_sub": 11.62581,
        "q_sci": 247.52475247524754,
        "q_eng": 8.450706434083404,
        "rec_frac": 0.11833330240496798,
        "p_net": 1025.00895095673,
        "gain_e": 115.1070297029703
    },
    "cas10": {
        "replacements": {
            "Nmod": 1,
            "C100000": 232,
            "C110000": 9,
            "C120000": 10,
            "C130000": 200,
            "C140000": 5,
            "C150000": 5,
            "C160000": 2,
            "C170000": 1,
            "C190000": 0
        },
        "template_file": "CAS100000.tex",
        "tex_path": "Modified/CAS100000.tex",
        "figures": {},
        "C110000": 9.414225941422595,
        "C120000": 10.0,
        "C130000": 200.0,
        "C140000": 5.0,
        "C150000": 5.0,
        "C160000": 2.0,
        "C170000": 1.0,
        "C190000": 0.0,
        "C100000": 232.4142259414226
    },
    "cas21": {
        "replacements": {
            "C210000": 830.4,
            "C210100": 311.6,
            "C210200": 217.2,
            "C210300": 62.8,
            "C210400": 43.9,
            "C210500": 12.6,
            "C210600": 6.3,
            "C210700": 108.6,
            "C210800": 21.7,
            "C210900": 0.3,
            "C211000": 1.3,
            "C211100": 1.0,
            "C211200": 0.9,
            "C211300": 5.1,
            "C211400": 1.9,
            "C211500": 2.8,
            "C211600": 1.0,
            "C211700": 31.4,
            "C211900": 0.0
        },
        "template_file": "CAS210000.tex",
        "tex_path": "Modified/CAS210000.tex",
        "figures": {},
        "C210100": 311.571708,
        "C210200": 217.1701308,
        "C210300": 62.779374,
        "C210400": 43.9455618,
        "C210500": 12.5558748,
        "C210600": 6.2779374,
        "C210700": 108.5850654,
        "C210800": 21.740264699999997,
        "C210900": 0.3487742999999999,
        "C211000": 1.2788391,
        "C211100": 1.0463228999999998,
        "C211200": 0.9300647999999999,
        "C211300": 5.1153564,
        "C211400": 1.8601295999999998,
        "C211500": 2.7901943999999994,
        "C211600": 1.0463228999999998,
        "C211700": 31.389687,
        "C211900": 0.0,
        "C210000": 830.4316082999998
    },
    "cas22": {
        "replacements": {},
        "template_file": null,
        "tex_path": null,
        "figures": {},
        "C220100": null,
        "C220000": null
    },
    "cas220101": {
        "replacements": {},
        "template_file": null,
        "tex_path": null,
        "figures": {},
        "axis_ir": null,
        "plasma_ir": null,
        "vacuum_ir": null,
        "firstwall_ir": null,
        "blanket1_ir": null,
        "reflector_ir": null,
        "ht_shield_ir": null,
        "structure_ir": null,
        "gap1_ir": null,
        "vessel_ir": null,
        "lt_shield_ir": null,
        "coil_ir": null,
        "gap2_ir": null,
        "bioshield_ir": null,
        "axis_or": null,
        "plasma_or": null,
        "vacuum_or": null,
        "firstwall_or": null,
        "blanket1_or": null,
        "reflector_or": null,
        "ht_shield_or": null,
        "structure_or": null,
        "gap1_or": null,
        "vessel_or": null,
        "lt_shield_or": null,
        "coil_or": null,
        "gap2_or": null,
        "bioshield_or": null,
        "axis_vol": null,
        "plasma_vol": null,
        "vacuum_vol": null,
        "firstwall_vol": null,
        "blanket1_vol": null,
        "reflector_vol": null,
        "ht_shield_vol": null,
        "structure_vol": null,
        "gap1_vol": null,
        "vessel_vol": null,
        "lt_shield_vol": null,
        "coil_vol": null,
        "gap2_vol": null,
        "bioshield_vol": null,
        "C22010101": null,
        "C22010102": null,
        "C220101": null
    },
    "cas220102": {
        "replacements": {},
        "template_file": null,
        "tex_path": null,
        "figures": {},
        "C22010201": null,
        "C22010202": null,
        "C22010203": null,
        "C22010204": null,
        "C220102": null,
        "V_HTS": null
    },
    "cas220103": {
        "replacements": {},
        "template_file": null,
        "tex_path": null,
        "figures": {},
        "magnet_properties": [],
        "no_pf_coils": null,
        "no_pf_pairs": null,
        "total_struct_cost": null,
        "C22010301": null,
        "C22010302": null,
        "C22010303": null,
        "C22010304": null,
        "C22010305": null,
        "C22010306": null,
        "C220103": null
    },
    "cas220104": {
        "replacements": {},
        "template_file": null,
        "tex_path": null,
        "figures": {},
        "C22010401": null,
        "C22010402": null,
        "C220104": null
    },
    "cas220105": {
        "replacements": {},
        "template_file": null,
        "tex_path": null,
        "figures": {},
        "C22010501": null,
        "C22010502": null,
        "C220105": null
    },
    "cas220106": {
        "replacements": {},
        "template_file": null,
        "tex_path": null,
        "figures": {},
        "C22010601": null,
        "C22010602": null,
        "C22010603": null,
        "C22010604": null,
        "C220106": null,
        "massstruct": null,
        "vesvol": null,
        "vesmatcost": null,
        "vessel_costs": {
            "spool_assembly": {
                "name": null,
                "total_mass": 0,
                "material_cost": 0,
                "fabrication_cost": 0,
                "total_cost": 0
            },
            "removable_doors": {
                "name": null,
                "total_mass": 0,
                "material_cost": 0,
                "fabrication_cost": 0,
                "total_cost": 0
            },
            "door_frames": {
                "name": null,
                "total_mass": 0,
                "material_cost": 0,
                "fabrication_cost": 0,
                "total_cost": 0
            },
            "port_enclosures": {
                "name": null,
                "total_mass": 0,
                "material_cost": 0,
                "fabrication_cost": 0,
                "total_cost": 0
            },
            "total": {
                "name": null,
                "total_mass": 0,
                "material_cost": 0,
                "fabrication_cost": 0,
                "total_cost": 0
            },
            "contingency": {
                "name": null,
                "total_mass": 0,
                "material_cost": 0,
                "fabrication_cost": 0,
                "total_cost": 0
            },
            "prime_contractor_fee": {
                "name": null,
                "total_mass": 0,