{
    "power_table": {
        "p_alpha": 520.5915813424347,
        "p_neutron": 2079.4084186575656,
        "p_cool": 13.7,
        "p_aux": 14,
        "p_coils": 2,
        "p_th": 2143.6392582480094,
        "p_the": 986.0740587940843,
        "p_dee": 442.50284414106943,
        "p_et": 1428.5769029351536,
        "p_loss": 715.0623553128556,
        "p_pump": 59.164443527645055,
        "p_sub": 29.582221763822528,
        "qsci": 52.0,
        "qeng": 7.0560524223920185,
        "refrac": 0.1417223030864328,
        "p_net": 1226.1156941151003
    },
    "cas10": {
        "C110000": 21.754571913796212,
        "C120000": 10,
        "C130000": 200,
        "C140000": 5,
        "C150000": 5,
        "C160000": 2,
        "C170000": 1,
        "C190000": 24.475457191379622,
        "C100000": 244.7545719137962
    },
    "cas21": {
        "C210100": 35.14299181220478,
        "C210200": 266.8581654682867,
        "C210300": 77.14315275849829,
        "C210400": 54.000206930948806,
        "C210500": 15.42863055169966,
        "C210600": 7.71431527584983,
        "C210700": 133.42908273414335,
        "C210800": 26.714388084887368,
        "C210900": 0.428573070880546,
        "C211000": 1.571434593228669,
        "C211100": 1.2857192126416381,
        "C211200": 1.1428615223481229,
        "C211300": 6.285738372914676,
        "C211400": 2.2857230446962458,
        "C211500": 3.428584567044368,
        "C211600": 1.2857192126416381,
        "C211700": 38.571576379249144,
        "C211800": 67.27168635921639,
        "C210000": 739.9885499513803
    },
    "cas22": {
        "axis_ir": 0,
        "plasma_ir": 4,
        "vacuum_ir": 4.1,
        "firstwall_ir": 4.199999999999999,
        "blanket1_ir": 4.299999999999999,
        "reflector_ir": 5.299999999999999,
        "ht_shield_ir": 5.399999999999999,
        "structure_ir": 5.899999999999999,
        "gap1_ir": 6.099999999999999,
        "vessel_ir": 6.599999999999999,
        "lt_shield_ir": 6.799999999999999,
        "coil_ir": 7.099999999999999,
        "gap2_ir": 8.86,
        "bioshield_ir": 9.86,
        "axis_or": 0,
        "plasma_or": 8,
        "vacuum_or": 4.199999999999999,
        "firstwall_or": 4.299999999999999,
        "blanket1_or": 5.299999999999999,
        "reflector_or": 5.399999999999999,
        "ht_shield_or": 5.899999999999999,
        "structure_or": 6.099999999999999,
        "gap1_or": 6.599999999999999,
        "vessel_or": 6.799999999999999,
        "lt_shield_or": 7.099999999999999,
        "coil_or": 8.86,
        "gap2_or": 9.86,
        "bioshield_or": 10.86,
        "axis_vol": 0.0,
        "plasma_vol": 6031.857894892402,
        "vacuum_vol": 104.30087609918047,
        "firstwall_vol": 106.8141502220527,
        "blanket1_vol": 1206.3715789784803,
        "reflector_vol": 134.46016557364274,
        "ht_shield_vol": 709.9999397112927,
        "structure_vol": 301.5928947446209,
        "gap1_vol": 797.9645340118068,
        "vessel_vol": 336.7787324648267,
        "lt_shield_vol": 524.0176546187768,
        "coil_vol": 618.693273906956,
        "gap2_vol": 2352.4245790080367,
        "bioshield_vol": 2603.7519912952203
    }
}