{
    "power_table": {
        "replacements": {
            "PNRL": 2600.0,
            "PALPHA": 520.5915813424347,
            "PNEUTRON": 2079.4084186575656,
            "MN___": 1.1,
            "ETAP__": 0.5,
            "PTH___": 2400.480100113766,
            "ETATH": 0.46,
            "PET___": 1546.723690193402,
            "PLOSS": 853.7564099203643,
            "PCOILS": 2.0,
            "PTF___": 1,
            "PPF___": 1,
            "FPCPPF": 0.06,
            "PPUMP": 66.25325076313995,
            "FSUB": 0.03,
            "PSUB": 33.12662538156997,
            "PAUX": 14.0,
            "PTRIT": 10,
            "PHOUSE": 4,
            "PCOOL": 13.7,
            "PTFCOOL": 12.7,
            "PPFCOOL": 1,
            "PCRYO": 0.5,
            "ETAPIN": 0.5,
            "PINPUT": 50,
            "QSCI": 52.0,
            "QENG": 6.743448186011732,
            "RECFRAC": 0.148,
            "PNET": 1317.3568073274748
        },
        "template_file": "powerTableMFEDT.tex",
        "p_alpha": 520.5915813424347,
        "p_neutron": 2079.4084186575656,
        "p_cool": 13.7,
        "p_aux": 14.0,
        "p_coils": 2.0,
        "p_th": 2400.480100113766,
        "p_the": 1104.2208460523325,
        "p_dee": 442.50284414106943,
        "p_et": 1546.723690193402,
        "p_loss": 853.7564099203643,
        "p_pump": 66.25325076313995,
        "p_sub": 33.12662538156997,
        "qsci": 52.0,
        "qeng": 6.743448186011732,
        "recfrac": 0.14829208624666967,
        "p_net": 1317.3568073274748
    },
    "cas10": {
        "C110000": 21.754571913796212,
        "C120000": 10,
        "C130000": 200,
        "C140000": 5,
        "C150000": 5,
        "C160000": 2,
        "C170000": 1,
        "C190000": 24.475457191379622,
        "C100000": 244.7545719137962
    },
    "cas21": {
        "C210100": 38.04940277875769,
        "C210200": 288.92798532812753,
        "C210300": 83.5230792704437,
        "C210400": 58.466155489310594,
        "C210500": 16.704615854088743,
        "C210600": 8.352307927044372,
        "C210700": 144.46399266406377,
        "C210800": 28.923733006616615,
        "C210900": 0.4640171070580206,
        "C211000": 1.7013960592127424,
        "C211100": 1.3920513211740617,
        "C211200": 1.2373789521547216,
        "C211300": 6.80558423685097,
        "C211400": 2.474757904309443,
        "C211500": 3.7121368564641646,
        "C211600": 1.3920513211740617,
        "C211700": 41.76153963522185,
        "C211800": 72.83521857120732,
        "C210000": 801.1874042832804
    },
    "cas22": {
        "axis_ir": 0,
        "plasma_ir": 4,
        "vacuum_ir": 4.1,
        "firstwall_ir": 4.199999999999999,
        "blanket1_ir": 4.299999999999999,
        "reflector_ir": 5.299999999999999,
        "ht_shield_ir": 5.399999999999999,
        "structure_ir": 5.899999999999999,
        "gap1_ir": 6.099999999999999,
        "vessel_ir": 6.599999999999999,
        "lt_shield_ir": 6.799999999999999,
        "coil_ir": 7.099999999999999,
        "gap2_ir": 8.86,
        "bioshield_ir": 9.86,
        "axis_or": 0,
        "plasma_or": 8,
        "vacuum_or": 4.199999999999999,
        "firstwall_or": 4.299999999999999,
        "blanket1_or": 5.299999999999999,
        "reflector_or": 5.399999999999999,
        "ht_shield_or": 5.899999999999999,
        "structure_or": 6.099999999999999,
        "gap1_or": 6.599999999999999,
        "vessel_or": 6.799999999999999,
        "lt_shield_or": 7.099999999999999,
        "coil_or": 8.86,
        "gap2_or": 9.86,
        "bioshield_or": 10.86,
        "axis_vol": 0.0,
        "plasma_vol": 6031.857894892402,
        "vacuum_vol": 104.30087609918047,
        "firstwall_vol": 106.8141502220527,
        "blanket1_vol": 1206.3715789784803,
        "reflector_vol": 134.46016557364274,
        "ht_shield_vol": 709.9999397112927,
        "structure_vol": 301.5928947446209,
        "gap1_vol": 797.9645340118068,
        "vessel_vol": 336.7787324648267,
        "lt_shield_vol": 524.0176546187768,
        "coil_vol": 618.693273906956,
        "gap2_vol": 2352.4245790080367,
        "bioshield_vol": 2603.7519912952203,
        "C220101": 127.32935222941221,
        "C22010201": 306.9,
        "C22010202": 2.0960706184751072,
        "C22010203": 10.41500796518088,
        "C22010204": 1.041500796518088,
        "C220102": 320.4525793801741,
        "V_HTS": 710.0,
        "magnet_properties": [
            {
                "magnet": {
                    "name": "Coil 1",
                    "coil_count": 1,
                    "j_cable": 21.4,
                    "r_centre": 1.75,
                    "z_centre": 0,
                    "dr": 1,
                    "dz": 1
                },
                "vol_coil": 10.995574287564276,
                "cs_area": 1.0,
                "turns_c": 4201.680672268907,
                "cable_current": 61165.999999999985,
                "current_supply": 256999999.9999999,
                "turns_sc_tot": 494230.7692307692,
                "tape_length": 5434.351138276958,
                "tape_current": 519.9999999999999,
                "cost_sc": 28.258625919040178,
                "cost_cu": 0.27467593309218524,
                "cost_ss": 0.11162157238020876,
                "tot_mat_cost": 28.644923424512573,
                "magnet_cost": 85.93477027353772,
                "magnet_struct_cost": 42.96738513676886,
                "magnet_total_cost_individual": 128.9021554103066,
                "magnet_total_cost": 128.9021554103066
            },
            {
                "magnet": {
                    "name": "Coil 2",
                    "coil_count": 2,
                    "j_cable": 22.4,
                    "r_centre": 2.75,
                    "z_centre": 1,
                    "dr": 2,
                    "dz": 2
                },
                "vol_coil": 69.11503837897544,
                "cs_area": 4.0,
                "turns_c": 16806.72268907563,
                "cable_current": 61165.999999999985,
                "current_supply": 1027999999.9999996,
                "turns_sc_tot": 1976923.0769230768,
                "tape_length": 34158.77858345517,
                "tape_current": 519.9999999999999,
                "cost_sc": 177.62564863396688,
                "cost_cu": 1.7265344365794502,
                "cost_ss": 0.7016213121041692,
                "tot_mat_cost": 180.0538043826505,
                "magnet_cost": 540.1614131479515,
                "magnet_struct_cost": 270.08070657397576,
                "magnet_total_cost_individual": 810.2421197219273,
                "magnet_total_cost": 1620.4842394438547
            },
            {
                "magnet": {
                    "name": "Coil 3",
                    "coil_count": 3,
                    "j_cable": 23.4,
                    "r_centre": 3.75,
                    "z_centre": 2,
                    "dr": 3,
                    "dz": 3
                },
                "vol_coil": 212.05750411731103,
                "cs_area": 9.0,
                "turns_c": 37815.126050420164,
                "cable_current": 61165.999999999985,
                "current_supply": 2312999999.999999,
                "turns_sc_tot": 4448076.923076923,
                "tape_length": 104805.34338105566,
                "tape_current": 519.9999999999999,
                "cost_sc": 544.9877855814893,
                "cost_cu": 5.297321566777859,
                "cost_ss": 2.152701753046883,
                "tot_mat_cost": 552.4378089013142,
                "magnet_cost": 1657.3134267039425,
                "magnet_struct_cost": 828.6567133519712,
                "magnet_total_cost_individual": 2485.970140055914,
                "magnet_total_cost": 7457.910420167742
            }
        ],
        "total_struct_cost": null,
        "C22010301": 128.9021554103066,
        "C22010302": 9078.394659611597,
        "C22010303": 460.36484075109524,