{
    "power_table": {
        "p_alpha": 520.5915813424347,
        "p_neutron": 2079.4084186575656,
        "p_cool": 13.7,
        "p_aux": 14,
        "p_coils": 2,
        "p_th": 2143.6392582480094,
        "p_the": 986.0740587940843,
        "p_dee": 442.50284414106943,
        "p_et": 1428.5769029351536,
        "p_loss": 715.0623553128556,
        "p_pump": 59.164443527645055,
        "p_sub": 29.582221763822528,
        "qsci": 52.0,
        "qeng": 7.0560524223920185,
        "refrac": 0.1417223030864328,
        "p_net": 1226.1156941151003
    }
}